date,expt_type,exp,duration,genetic_background,construct,expr_type,xy,coord,sub_coord,start,end,birth,sen,dead,fluor_loss,escaped,censor,rls,div_time,growth_slope,desc,path,Name,Type,X,Y,Width,Height,Points,Color,Fill,LWidth,Pos,C,Z,T
20181102,byc,200,67.83,pdr5delta,pTPI1_DsRed_P2A_UbL_YFP_eRR,cen4,21,13,0,1,407,FALSE,238,FALSE,FALSE,FALSE,rl,FALSE,FALSE,FALSE,cell that starts young and grows old,C:\Users\John Cooper\Projects\alignment\roi_management\roi_management_2,0001-0172-0586,Rectangle,571,157,30,31,4,none,none,0,1,0,1,0
20181102,byc,200,67.83,pdr5delta,pTPI1_DsRed_P2A_UbL_YFP_eRR,cen4,21,13,0,1,407,FALSE,238,FALSE,FALSE,FALSE,rl,FALSE,FALSE,FALSE,cell that starts young and grows old,C:\Users\John Cooper\Projects\alignment\roi_management\roi_management_2,0007-0169-0587,Rectangle,572,154,30,31,4,none,none,0,7,0,7,0
20181102,byc,200,67.83,pdr5delta,pTPI1_DsRed_P2A_UbL_YFP_eRR,cen4,21,13,0,1,407,FALSE,238,FALSE,FALSE,FALSE,rl,FALSE,FALSE,FALSE,cell that starts young and grows old,C:\Users\John Cooper\Projects\alignment\roi_management\roi_management_2,0028-0169-0585,Rectangle,569,154,33,31,4,none,none,0,28,0,28,0
20181102,byc,200,67.83,pdr5delta,pTPI1_DsRed_P2A_UbL_YFP_eRR,cen4,21,13,0,1,407,FALSE,238,FALSE,FALSE,FALSE,rl,FALSE,FALSE,FALSE,cell that starts young and grows old,C:\Users\John Cooper\Projects\alignment\roi_management\roi_management_2,0049-0169-0582,Rectangle,566,154,33,31,4,none,none,0,49,0,49,0
20181102,byc,200,67.83,pdr5delta,pTPI1_DsRed_P2A_UbL_YFP_eRR,cen4,21,13,0,1,407,FALSE,238,FALSE,FALSE,FALSE,rl,FALSE,FALSE,FALSE,cell that starts young and grows old,C:\Users\John Cooper\Projects\alignment\roi_management\roi_management_2,0161-0169-0580,Rectangle,562,154,37,31,4,none,none,0,161,0,161,0
20181102,byc,200,67.83,pdr5delta,pTPI1_DsRed_P2A_UbL_YFP_eRR,cen4,21,13,0,1,407,FALSE,238,FALSE,FALSE,FALSE,rl,FALSE,FALSE,FALSE,cell that starts young and grows old,C:\Users\John Cooper\Projects\alignment\roi_management\roi_management_2,0174-0169-0578,Rectangle,560,154,37,31,4,none,none,0,174,0,174,0
20181102,byc,200,67.83,pdr5delta,pTPI1_DsRed_P2A_UbL_YFP_eRR,cen4,21,13,0,1,407,FALSE,238,FALSE,FALSE,FALSE,rl,FALSE,FALSE,FALSE,cell that starts young and grows old,C:\Users\John Cooper\Projects\alignment\roi_management\roi_management_2,0175-0170-0578,Rectangle,560,155,37,31,4,none,none,0,175,0,175,0
20181102,byc,200,67.83,pdr5delta,pTPI1_DsRed_P2A_UbL_YFP_eRR,cen4,21,13,0,1,407,FALSE,238,FALSE,FALSE,FALSE,rl,FALSE,FALSE,FALSE,cell that starts young and grows old,C:\Users\John Cooper\Projects\alignment\roi_management\roi_management_2,0183-0170-0577,Rectangle,557,152,40,36,4,none,none,0,183,0,183,0
20181102,byc,200,67.83,pdr5delta,pTPI1_DsRed_P2A_UbL_YFP_eRR,cen4,21,13,0,1,407,FALSE,238,FALSE,FALSE,FALSE,rl,FALSE,FALSE,FALSE,cell that starts young and grows old,C:\Users\John Cooper\Projects\alignment\roi_management\roi_management_2,0227-0170-0577,Rectangle,557,152,40,36,4,none,none,0,227,0,227,0
20181102,byc,200,67.83,pdr5delta,pTPI1_DsRed_P2A_UbL_YFP_eRR,cen4,21,13,0,1,407,FALSE,238,FALSE,FALSE,FALSE,rl,FALSE,FALSE,FALSE,cell that starts young and grows old,C:\Users\John Cooper\Projects\alignment\roi_management\roi_management_2,0228-0170-0575,Rectangle,555,152,40,36,4,none,none,0,228,0,228,0
20181102,byc,200,67.83,pdr5delta,pTPI1_DsRed_P2A_UbL_YFP_eRR,cen4,21,13,0,1,407,FALSE,238,FALSE,FALSE,FALSE,rl,FALSE,FALSE,FALSE,cell that starts young and grows old,C:\Users\John Cooper\Projects\alignment\roi_management\roi_management_2,0229-0170-0574,Rectangle,554,152,40,36,4,none,none,0,229,0,229,0
20181102,byc,200,67.83,pdr5delta,pTPI1_DsRed_P2A_UbL_YFP_eRR,cen4,21,13,0,1,407,FALSE,238,FALSE,FALSE,FALSE,rl,FALSE,FALSE,FALSE,cell that starts young and grows old,C:\Users\John Cooper\Projects\alignment\roi_management\roi_management_2,0230-0170-0570,Rectangle,550,152,40,36,4,none,none,0,230,0,230,0
20181102,byc,200,67.83,pdr5delta,pTPI1_DsRed_P2A_UbL_YFP_eRR,cen4,21,13,0,1,407,FALSE,238,FALSE,FALSE,FALSE,rl,FALSE,FALSE,FALSE,cell that starts young and grows old,C:\Users\John Cooper\Projects\alignment\roi_management\roi_management_2,0231-0170-0568,Rectangle,548,152,40,36,4,none,none,0,231,0,231,0
20181102,byc,200,67.83,pdr5delta,pTPI1_DsRed_P2A_UbL_YFP_eRR,cen4,21,13,0,1,407,FALSE,238,FALSE,FALSE,FALSE,rl,FALSE,FALSE,FALSE,cell that starts young and grows old,C:\Users\John Cooper\Projects\alignment\roi_management\roi_management_2,0234-0170-0565,Rectangle,545,152,40,36,4,none,none,0,234,0,234,0
20181102,byc,200,67.83,pdr5delta,pTPI1_DsRed_P2A_UbL_YFP_eRR,cen4,21,13,0,1,407,FALSE,238,FALSE,FALSE,FALSE,rl,FALSE,FALSE,FALSE,cell that starts young and grows old,C:\Users\John Cooper\Projects\alignment\roi_management\roi_management_2,0235-0170-0564,Rectangle,544,152,40,36,4,none,none,0,235,0,235,0
20181102,byc,200,67.83,pdr5delta,pTPI1_DsRed_P2A_UbL_YFP_eRR,cen4,21,13,0,1,407,FALSE,238,FALSE,FALSE,FALSE,rl,FALSE,FALSE,FALSE,cell that starts young and grows old,C:\Users\John Cooper\Projects\alignment\roi_management\roi_management_2,0240-0171-0560,Rectangle,540,153,40,36,4,none,none,0,240,0,240,0
20181102,byc,200,67.83,pdr5delta,pTPI1_DsRed_P2A_UbL_YFP_eRR,cen4,21,13,0,1,407,FALSE,238,FALSE,FALSE,FALSE,rl,FALSE,FALSE,FALSE,cell that starts young and grows old,C:\Users\John Cooper\Projects\alignment\roi_management\roi_management_2,0261-0171-0557,Rectangle,537,153,40,36,4,none,none,0,261,0,261,0
20181102,byc,200,67.83,pdr5delta,pTPI1_DsRed_P2A_UbL_YFP_eRR,cen4,21,13,0,1,407,FALSE,238,FALSE,FALSE,FALSE,rl,FALSE,FALSE,FALSE,cell that starts young and grows old,C:\Users\John Cooper\Projects\alignment\roi_management\roi_management_2,0317-0170-0556,Rectangle,536,152,40,36,4,none,none,0,317,0,317,0
20181102,byc,200,67.83,pdr5delta,pTPI1_DsRed_P2A_UbL_YFP_eRR,cen4,21,13,0,1,407,FALSE,238,FALSE,FALSE,FALSE,rl,FALSE,FALSE,FALSE,cell that starts young and grows old,C:\Users\John Cooper\Projects\alignment\roi_management\roi_management_2,0407-0170-0556,Rectangle,536,152,40,36,4,none,none,0,407,0,407,0
20181102,byc,200,67.83,pdr5delta,pTPI1_DsRed_P2A_UbL_YFP_eRR,cen4,21,12,1,1,58,1,FALSE,FALSE,FALSE,59,r,FALSE,FALSE,FALSE,cell escapes,C:\Users\John Cooper\Projects\alignment\roi_management\roi_management_2,0001-0077-0601,Rectangle,590,66,22,23,4,none,none,0,1,0,1,0
20181102,byc,200,67.83,pdr5delta,pTPI1_DsRed_P2A_UbL_YFP_eRR,cen4,21,12,1,1,58,1,FALSE,FALSE,FALSE,59,r,FALSE,FALSE,FALSE,cell escapes,C:\Users\John Cooper\Projects\alignment\roi_management\roi_management_2,0002-0078-0602,Rectangle,590,66,25,25,4,none,none,0,2,0,2,0
20181102,byc,200,67.83,pdr5delta,pTPI1_DsRed_P2A_UbL_YFP_eRR,cen4,21,12,1,1,58,1,FALSE,FALSE,FALSE,59,r,FALSE,FALSE,FALSE,cell escapes,C:\Users\John Cooper\Projects\alignment\roi_management\roi_management_2,0011-0079-0588,Rectangle,574,66,29,27,4,none,none,0,11,0,11,0
20181102,byc,200,67.83,pdr5delta,pTPI1_DsRed_P2A_UbL_YFP_eRR,cen4,21,12,1,1,58,1,FALSE,FALSE,FALSE,59,r,FALSE,FALSE,FALSE,cell escapes,C:\Users\John Cooper\Projects\alignment\roi_management\roi_management_2,0017-0080-0586,Rectangle,572,67,29,27,4,none,none,0,17,0,17,0
20181102,byc,200,67.83,pdr5delta,pTPI1_DsRed_P2A_UbL_YFP_eRR,cen4,21,12,1,1,58,1,FALSE,FALSE,FALSE,59,r,FALSE,FALSE,FALSE,cell escapes,C:\Users\John Cooper\Projects\alignment\roi_management\roi_management_2,0020-0078-0585,Rectangle,570,62,31,32,4,none,none,0,20,0,20,0
20181102,byc,200,67.83,pdr5delta,pTPI1_DsRed_P2A_UbL_YFP_eRR,cen4,21,12,1,1,58,1,FALSE,FALSE,FALSE,59,r,FALSE,FALSE,FALSE,cell escapes,C:\Users\John Cooper\Projects\alignment\roi_management\roi_management_2,0024-0079-0587,Rectangle,572,63,31,32,4,none,none,0,24,0,24,0
20181102,byc,200,67.83,pdr5delta,pTPI1_DsRed_P2A_UbL_YFP_eRR,cen4,21,12,1,1,58,1,FALSE,FALSE,FALSE,59,r,FALSE,FALSE,FALSE,cell escapes,C:\Users\John Cooper\Projects\alignment\roi_management\roi_management_2,0030-0075-0584,Rectangle,570,62,28,26,4,none,none,0,30,0,30,0
20181102,byc,200,67.83,pdr5delta,pTPI1_DsRed_P2A_UbL_YFP_eRR,cen4,21,12,1,1,58,1,FALSE,FALSE,FALSE,59,r,FALSE,FALSE,FALSE,cell escapes,C:\Users\John Cooper\Projects\alignment\roi_management\roi_management_2,0031-0077-0574,Rectangle,560,64,28,26,4,none,none,0,31,0,31,0
20181102,byc,200,67.83,pdr5delta,pTPI1_DsRed_P2A_UbL_YFP_eRR,cen4,21,12,1,1,58,1,FALSE,FALSE,FALSE,59,r,FALSE,FALSE,FALSE,cell escapes,C:\Users\John Cooper\Projects\alignment\roi_management\roi_management_2,0032-0077-0573,Rectangle,559,64,28,26,4,none,none,0,32,0,32,0
20181102,byc,200,67.83,pdr5delta,pTPI1_DsRed_P2A_UbL_YFP_eRR,cen4,21,12,1,1,58,1,FALSE,FALSE,FALSE,59,r,FALSE,FALSE,FALSE,cell escapes,C:\Users\John Cooper\Projects\alignment\roi_management\roi_management_2,0034-0079-0573,Rectangle,559,66,28,26,4,none,none,0,34,0,34,0
20181102,byc,200,67.83,pdr5delta,pTPI1_DsRed_P2A_UbL_YFP_eRR,cen4,21,12,1,1,58,1,FALSE,FALSE,FALSE,59,r,FALSE,FALSE,FALSE,cell escapes,C:\Users\John Cooper\Projects\alignment\roi_management\roi_management_2,0037-0079-0573,Rectangle,559,63,28,32,4,none,none,0,37,0,37,0
20181102,byc,200,67.83,pdr5delta,pTPI1_DsRed_P2A_UbL_YFP_eRR,cen4,21,12,1,1,58,1,FALSE,FALSE,FALSE,59,r,FALSE,FALSE,FALSE,cell escapes,C:\Users\John Cooper\Projects\alignment\roi_management\roi_management_2,0038-0079-0571,Rectangle,557,63,28,32,4,none,none,0,38,0,38,0
20181102,byc,200,67.83,pdr5delta,pTPI1_DsRed_P2A_UbL_YFP_eRR,cen4,21,12,1,1,58,1,FALSE,FALSE,FALSE,59,r,FALSE,FALSE,FALSE,cell escapes,C:\Users\John Cooper\Projects\alignment\roi_management\roi_management_2,0039-0078-0562,Rectangle,548,62,28,32,4,none,none,0,39,0,39,0
20181102,byc,200,67.83,pdr5delta,pTPI1_DsRed_P2A_UbL_YFP_eRR,cen4,21,12,1,1,58,1,FALSE,FALSE,FALSE,59,r,FALSE,FALSE,FALSE,cell escapes,C:\Users\John Cooper\Projects\alignment\roi_management\roi_management_2,0040-0078-0559,Rectangle,545,62,28,32,4,none,none,0,40,0,40,0
20181102,byc,200,67.83,pdr5delta,pTPI1_DsRed_P2A_UbL_YFP_eRR,cen4,21,12,1,1,58,1,FALSE,FALSE,FALSE,59,r,FALSE,FALSE,FALSE,cell escapes,C:\Users\John Cooper\Projects\alignment\roi_management\roi_management_2,0041-0079-0557,Rectangle,543,63,28,32,4,none,none,0,41,0,41,0
20181102,byc,200,67.83,pdr5delta,pTPI1_DsRed_P2A_UbL_YFP_eRR,cen4,21,12,1,1,58,1,FALSE,FALSE,FALSE,59,r,FALSE,FALSE,FALSE,cell escapes,C:\Users\John Cooper\Projects\alignment\roi_management\roi_management_2,0045-0079-0554,Rectangle,540,63,28,32,4,none,none,0,45,0,45,0
20181102,byc,200,67.83,pdr5delta,pTPI1_DsRed_P2A_UbL_YFP_eRR,cen4,21,12,1,1,58,1,FALSE,FALSE,FALSE,59,r,FALSE,FALSE,FALSE,cell escapes,C:\Users\John Cooper\Projects\alignment\roi_management\roi_management_2,0047-0077-0552,Rectangle,538,61,28,32,4,none,none,0,47,0,47,0
20181102,byc,200,67.83,pdr5delta,pTPI1_DsRed_P2A_UbL_YFP_eRR,cen4,21,12,1,1,58,1,FALSE,FALSE,FALSE,59,r,FALSE,FALSE,FALSE,cell escapes,C:\Users\John Cooper\Projects\alignment\roi_management\roi_management_2,0048-0077-0548,Rectangle,534,61,28,32,4,none,none,0,48,0,48,0
20181102,byc,200,67.83,pdr5delta,pTPI1_DsRed_P2A_UbL_YFP_eRR,cen4,21,12,1,1,58,1,FALSE,FALSE,FALSE,59,r,FALSE,FALSE,FALSE,cell escapes,C:\Users\John Cooper\Projects\alignment\roi_management\roi_management_2,0050-0077-0536,Rectangle,522,61,28,32,4,none,none,0,50,0,50,0
20181102,byc,200,67.83,pdr5delta,pTPI1_DsRed_P2A_UbL_YFP_eRR,cen4,21,12,1,1,58,1,FALSE,FALSE,FALSE,59,r,FALSE,FALSE,FALSE,cell escapes,C:\Users\John Cooper\Projects\alignment\roi_management\roi_management_2,0053-0077-0533,Rectangle,519,61,28,32,4,none,none,0,53,0,53,0
20181102,byc,200,67.83,pdr5delta,pTPI1_DsRed_P2A_UbL_YFP_eRR,cen4,21,12,1,1,58,1,FALSE,FALSE,FALSE,59,r,FALSE,FALSE,FALSE,cell escapes,C:\Users\John Cooper\Projects\alignment\roi_management\roi_management_2,0054-0080-0514,Rectangle,500,64,28,32,4,none,none,0,54,0,54,0
20181102,byc,200,67.83,pdr5delta,pTPI1_DsRed_P2A_UbL_YFP_eRR,cen4,21,12,1,1,58,1,FALSE,FALSE,FALSE,59,r,FALSE,FALSE,FALSE,cell escapes,C:\Users\John Cooper\Projects\alignment\roi_management\roi_management_2,0055-0080-0507,Rectangle,493,64,28,32,4,none,none,0,55,0,55,0
20181102,byc,200,67.83,pdr5delta,pTPI1_DsRed_P2A_UbL_YFP_eRR,cen4,21,12,1,1,58,1,FALSE,FALSE,FALSE,59,r,FALSE,FALSE,FALSE,cell escapes,C:\Users\John Cooper\Projects\alignment\roi_management\roi_management_2,0056-0079-0502,Rectangle,488,63,28,32,4,none,none,0,56,0,56,0
20181102,byc,200,67.83,pdr5delta,pTPI1_DsRed_P2A_UbL_YFP_eRR,cen4,21,12,1,1,58,1,FALSE,FALSE,FALSE,59,r,FALSE,FALSE,FALSE,cell escapes,C:\Users\John Cooper\Projects\alignment\roi_management\roi_management_2,0057-0079-0495,Rectangle,481,63,28,32,4,none,none,0,57,0,57,0
20181102,byc,200,67.83,pdr5delta,pTPI1_DsRed_P2A_UbL_YFP_eRR,cen4,21,12,1,1,58,1,FALSE,FALSE,FALSE,59,r,FALSE,FALSE,FALSE,cell escapes,C:\Users\John Cooper\Projects\alignment\roi_management\roi_management_2,0058-0080-0484,Rectangle,470,64,28,32,4,none,none,0,58,0,58,0
20181102,byc,200,67.83,pdr5delta,pTPI1_DsRed_P2A_UbL_YFP_eRR,cen4,21,16,2,1,407,1,228,401,FALSE,FALSE,FALSE,FALSE,FALSE,FALSE,cell observed for entirety of life,C:\Users\John Cooper\Projects\alignment\roi_management\roi_management_2,0001-0446-0602,Rectangle,584,430,37,33,4,none,none,0,1,0,1,0
20181102,byc,200,67.83,pdr5delta,pTPI1_DsRed_P2A_UbL_YFP_eRR,cen4,21,16,2,1,407,1,228,401,FALSE,FALSE,FALSE,FALSE,FALSE,FALSE,cell observed for entirety of life,C:\Users\John Cooper\Projects\alignment\roi_management\roi_management_2,0015-0448-0592,Rectangle,574,432,37,33,4,none,none,0,15,0,15,0
20181102,byc,200,67.83,pdr5delta,pTPI1_DsRed_P2A_UbL_YFP_eRR,cen4,21,16,2,1,407,1,228,401,FALSE,FALSE,FALSE,FALSE,FALSE,FALSE,cell observed for entirety of life,C:\Users\John Cooper\Projects\alignment\roi_management\roi_management_2,0024-0447-0589,Rectangle,571,431,37,33,4,none,none,0,24,0,24,0
20181102,byc,200,67.83,pdr5delta,pTPI1_DsRed_P2A_UbL_YFP_eRR,cen4,21,16,2,1,407,1,228,401,FALSE,FALSE,FALSE,FALSE,FALSE,FALSE,cell observed for entirety of life,C:\Users\John Cooper\Projects\alignment\roi_management\roi_management_2,0067-0447-0588,Rectangle,570,431,37,33,4,none,none,0,67,0,67,0
20181102,byc,200,67.83,pdr5delta,pTPI1_DsRed_P2A_UbL_YFP_eRR,cen4,21,16,2,1,407,1,228,401,FALSE,FALSE,FALSE,FALSE,FALSE,FALSE,cell observed for entirety of life,C:\Users\John Cooper\Projects\alignment\roi_management\roi_management_2,0080-0447-0585,Rectangle,567,431,37,33,4,none,none,0,80,0,80,0
20181102,byc,200,67.83,pdr5delta,pTPI1_DsRed_P2A_UbL_YFP_eRR,cen4,21,16,2,1,407,1,228,401,FALSE,FALSE,FALSE,FALSE,FALSE,FALSE,cell observed for entirety of life,C:\Users\John Cooper\Projects\alignment\roi_management\roi_management_2,0121-0447-0582,Rectangle,564,431,37,33,4,none,none,0,121,0,121,0
20181102,byc,200,67.83,pdr5delta,pTPI1_DsRed_P2A_UbL_YFP_eRR,cen4,21,16,2,1,407,1,228,401,FALSE,FALSE,FALSE,FALSE,FALSE,FALSE,cell observed for entirety of life,C:\Users\John Cooper\Projects\alignment\roi_management\roi_management_2,0127-0447-0578,Rectangle,560,431,37,33,4,none,none,0,127,0,127,0
20181102,byc,200,67.83,pdr5delta,pTPI1_DsRed_P2A_UbL_YFP_eRR,cen4,21,16,2,1,407,1,228,401,FALSE,FALSE,FALSE,FALSE,FALSE,FALSE,cell observed for entirety of life,C:\Users\John Cooper\Projects\alignment\roi_management\roi_management_2,0128-0447-0576,Rectangle,558,431,37,33,4,none,none,0,128,0,128,0
20181102,byc,200,67.83,pdr5delta,pTPI1_DsRed_P2A_UbL_YFP_eRR,cen4,21,16,2,1,407,1,228,401,FALSE,FALSE,FALSE,FALSE,FALSE,FALSE,cell observed for entirety of life,C:\Users\John Cooper\Projects\alignment\roi_management\roi_management_2,0135-0447-0573,Rectangle,555,431,37,33,4,none,none,0,135,0,135,0
20181102,byc,200,67.83,pdr5delta,pTPI1_DsRed_P2A_UbL_YFP_eRR,cen4,21,16,2,1,407,1,228,401,FALSE,FALSE,FALSE,FALSE,FALSE,FALSE,cell observed for entirety of life,C:\Users\John Cooper\Projects\alignment\roi_management\roi_management_2,0143-0447-0569,Rectangle,551,431,37,33,4,none,none,0,143,0,143,0
20181102,byc,200,67.83,pdr5delta,pTPI1_DsRed_P2A_UbL_YFP_eRR,cen4,21,16,2,1,407,1,228,401,FALSE,FALSE,FALSE,FALSE,FALSE,FALSE,cell observed for entirety of life,C:\Users\John Cooper\Projects\alignment\roi_management\roi_management_2,0201-0447-0570,Rectangle,551,431,39,33,4,none,none,0,201,0,201,0
20181102,byc,200,67.83,pdr5delta,pTPI1_DsRed_P2A_UbL_YFP_eRR,cen4,21,16,2,1,407,1,228,401,FALSE,FALSE,FALSE,FALSE,FALSE,FALSE,cell observed for entirety of life,C:\Users\John Cooper\Projects\alignment\roi_management\roi_management_2,0289-0447-0569,Rectangle,548,431,42,33,4,none,none,0,289,0,289,0
20181102,byc,200,67.83,pdr5delta,pTPI1_DsRed_P2A_UbL_YFP_eRR,cen4,21,16,2,1,407,1,228,401,FALSE,FALSE,FALSE,FALSE,FALSE,FALSE,cell observed for entirety of life,C:\Users\John Cooper\Projects\alignment\roi_management\roi_management_2,0407-0447-0569,Rectangle,548,431,42,33,4,none,none,0,407,0,407,0
20181102,byc,200,67.83,pdr5delta,pTPI1_DsRed_P2A_UbL_YFP_eRR,cen4,21,21,3,1,407,FALSE,131,186,FALSE,FALSE,l,FALSE,FALSE,FALSE,cell starts really young and is observed until death,C:\Users\John Cooper\Projects\alignment\roi_management\roi_management_2,0001-0907-0605,Rectangle,588,891,35,32,4,none,none,0,1,0,1,0
20181102,byc,200,67.83,pdr5delta,pTPI1_DsRed_P2A_UbL_YFP_eRR,cen4,21,21,3,1,407,FALSE,131,186,FALSE,FALSE,l,FALSE,FALSE,FALSE,cell starts really young and is observed until death,C:\Users\John Cooper\Projects\alignment\roi_management\roi_management_2,0046-0907-0586,Rectangle,569,891,35,32,4,none,none,0,46,0,46,0
20181102,byc,200,67.83,pdr5delta,pTPI1_DsRed_P2A_UbL_YFP_eRR,cen4,21,21,3,1,407,FALSE,131,186,FALSE,FALSE,l,FALSE,FALSE,FALSE,cell starts really young and is observed until death,C:\Users\John Cooper\Projects\alignment\roi_management\roi_management_2,0084-0907-0583,Rectangle,566,891,35,32,4,none,none,0,84,0,84,0
20181102,byc,200,67.83,pdr5delta,pTPI1_DsRed_P2A_UbL_YFP_eRR,cen4,21,21,3,1,407,FALSE,131,186,FALSE,FALSE,l,FALSE,FALSE,FALSE,cell starts really young and is observed until death,C:\Users\John Cooper\Projects\alignment\roi_management\roi_management_2,0118-0907-0581,Rectangle,563,890,37,34,4,none,none,0,118,0,118,0
20181102,byc,200,67.83,pdr5delta,pTPI1_DsRed_P2A_UbL_YFP_eRR,cen4,21,21,3,1,407,FALSE,131,186,FALSE,FALSE,l,FALSE,FALSE,FALSE,cell starts really young and is observed until death,C:\Users\John Cooper\Projects\alignment\roi_management\roi_management_2,0166-0907-0580,Rectangle,560,890,40,34,4,none,none,0,166,0,166,0
20181102,byc,200,67.83,pdr5delta,pTPI1_DsRed_P2A_UbL_YFP_eRR,cen4,21,21,3,1,407,FALSE,131,186,FALSE,FALSE,l,FALSE,FALSE,FALSE,cell starts really young and is observed until death,C:\Users\John Cooper\Projects\alignment\roi_management\roi_management_2,0213-0907-0577,Rectangle,554,890,46,34,4,none,none,0,213,0,213,0
20181102,byc,200,67.83,pdr5delta,pTPI1_DsRed_P2A_UbL_YFP_eRR,cen4,21,21,3,1,407,FALSE,131,186,FALSE,FALSE,l,FALSE,FALSE,FALSE,cell starts really young and is observed until death,C:\Users\John Cooper\Projects\alignment\roi_management\roi_management_2,0407-0907-0577,Rectangle,554,890,46,34,4,none,none,0,407,0,407,0
20181102,byc,200,67.83,pdr5delta,pTPI1_DsRed_P2A_UbL_YFP_eRR,cen4,21,2,4,34,407,34,134,FALSE,FALSE,FALSE,FALSE,FALSE,FALSE,FALSE,Seems to be a shortlived cell,C:\Users\John Cooper\Projects\alignment\roi_management\roi_management_2,0034-0171-0187,Rectangle,176,159,22,24,4,none,none,0,34,0,34,0
20181102,byc,200,67.83,pdr5delta,pTPI1_DsRed_P2A_UbL_YFP_eRR,cen4,21,2,4,34,407,34,134,FALSE,FALSE,FALSE,FALSE,FALSE,FALSE,FALSE,Seems to be a shortlived cell,C:\Users\John Cooper\Projects\alignment\roi_management\roi_management_2,0037-0171-0189,Rectangle,176,159,26,24,4,none,none,0,37,0,37,0
20181102,byc,200,67.83,pdr5delta,pTPI1_DsRed_P2A_UbL_YFP_eRR,cen4,21,2,4,34,407,34,134,FALSE,FALSE,FALSE,FALSE,FALSE,FALSE,FALSE,Seems to be a shortlived cell,C:\Users\John Cooper\Projects\alignment\roi_management\roi_management_2,0043-0171-0190,Rectangle,176,155,29,33,4,none,none,0,43,0,43,0
20181102,byc,200,67.83,pdr5delta,pTPI1_DsRed_P2A_UbL_YFP_eRR,cen4,21,2,4,34,407,34,134,FALSE,FALSE,FALSE,FALSE,FALSE,FALSE,FALSE,Seems to be a shortlived cell,C:\Users\John Cooper\Projects\alignment\roi_management\roi_management_2,0044-0171-0190,Rectangle,176,155,28,33,4,none,none,0,44,0,44,0
20181102,byc,200,67.83,pdr5delta,pTPI1_DsRed_P2A_UbL_YFP_eRR,cen4,21,2,4,34,407,34,134,FALSE,FALSE,FALSE,FALSE,FALSE,FALSE,FALSE,Seems to be a shortlived cell,C:\Users\John Cooper\Projects\alignment\roi_management\roi_management_2,0052-0171-0190,Rectangle,176,155,29,33,4,none,none,0,52,0,52,0
20181102,byc,200,67.83,pdr5delta,pTPI1_DsRed_P2A_UbL_YFP_eRR,cen4,21,2,4,34,407,34,134,FALSE,FALSE,FALSE,FALSE,FALSE,FALSE,FALSE,Seems to be a shortlived cell,C:\Users\John Cooper\Projects\alignment\roi_management\roi_management_2,0055-0171-0190,Rectangle,176,155,28,33,4,none,none,0,55,0,55,0
20181102,byc,200,67.83,pdr5delta,pTPI1_DsRed_P2A_UbL_YFP_eRR,cen4,21,2,4,34,407,34,134,FALSE,FALSE,FALSE,FALSE,FALSE,FALSE,FALSE,Seems to be a shortlived cell,C:\Users\John Cooper\Projects\alignment\roi_management\roi_management_2,0073-0171-0191,Rectangle,176,155,31,33,4,none,none,0,73,0,73,0
20181102,byc,200,67.83,pdr5delta,pTPI1_DsRed_P2A_UbL_YFP_eRR,cen4,21,2,4,34,407,34,134,FALSE,FALSE,FALSE,FALSE,FALSE,FALSE,FALSE,Seems to be a shortlived cell,C:\Users\John Cooper\Projects\alignment\roi_management\roi_management_2,0091-0171-0191,Rectangle,176,155,31,33,4,none,none,0,91,0,91,0
20181102,byc,200,67.83,pdr5delta,pTPI1_DsRed_P2A_UbL_YFP_eRR,cen4,21,2,4,34,407,34,134,FALSE,FALSE,FALSE,FALSE,FALSE,FALSE,FALSE,Seems to be a shortlived cell,C:\Users\John Cooper\Projects\alignment\roi_management\roi_management_2,0102-0169-0193,Rectangle,178,153,31,33,4,none,none,0,102,0,102,0
20181102,byc,200,67.83,pdr5delta,pTPI1_DsRed_P2A_UbL_YFP_eRR,cen4,21,2,4,34,407,34,134,FALSE,FALSE,FALSE,FALSE,FALSE,FALSE,FALSE,Seems to be a shortlived cell,C:\Users\John Cooper\Projects\alignment\roi_management\roi_management_2,0116-0169-0195,Rectangle,178,153,34,33,4,none,none,0,116,0,116,0
20181102,byc,200,67.83,pdr5delta,pTPI1_DsRed_P2A_UbL_YFP_eRR,cen4,21,2,4,34,407,34,134,FALSE,FALSE,FALSE,FALSE,FALSE,FALSE,FALSE,Seems to be a shortlived cell,C:\Users\John Cooper\Projects\alignment\roi_management\roi_management_2,0119-0169-0194,Rectangle,178,153,33,33,4,none,none,0,119,0,119,0
20181102,byc,200,67.83,pdr5delta,pTPI1_DsRed_P2A_UbL_YFP_eRR,cen4,21,2,4,34,407,34,134,FALSE,FALSE,FALSE,FALSE,FALSE,FALSE,FALSE,Seems to be a shortlived cell,C:\Users\John Cooper\Projects\alignment\roi_management\roi_management_2,0169-0169-0196,Rectangle,178,153,36,33,4,none,none,0,169,0,169,0
20181102,byc,200,67.83,pdr5delta,pTPI1_DsRed_P2A_UbL_YFP_eRR,cen4,21,2,4,34,407,34,134,FALSE,FALSE,FALSE,FALSE,FALSE,FALSE,FALSE,Seems to be a shortlived cell,C:\Users\John Cooper\Projects\alignment\roi_management\roi_management_2,0182-0170-0201,Rectangle,178,153,46,35,4,none,none,0,182,0,182,0
20181102,byc,200,67.83,pdr5delta,pTPI1_DsRed_P2A_UbL_YFP_eRR,cen4,21,2,4,34,407,34,134,FALSE,FALSE,FALSE,FALSE,FALSE,FALSE,FALSE,Seems to be a shortlived cell,C:\Users\John Cooper\Projects\alignment\roi_management\roi_management_2,0366-0170-0201,Rectangle,178,153,46,35,4,none,none,0,366,0,366,0
20181102,byc,200,67.83,pdr5delta,pTPI1_DsRed_P2A_UbL_YFP_eRR,cen4,21,2,4,34,407,34,134,FALSE,FALSE,FALSE,FALSE,FALSE,FALSE,FALSE,Seems to be a shortlived cell,C:\Users\John Cooper\Projects\alignment\roi_management\roi_management_2,0407-0170-0201,Rectangle,178,153,46,35,4,none,none,0,407,0,407,0
20181102,byc,200,67.83,pdr5delta,pTPI1_DsRed_P2A_UbL_YFP_eRR,cen4,21,4,5,34,114,34,FALSE,FALSE,114,FALSE,r,FALSE,FALSE,FALSE,"Cell is born in channel, goes dark after a short time",C:\Users\John Cooper\Projects\alignment\roi_management\roi_management_2,0034-0355-0175,Rectangle,159,338,32,35,4,none,none,0,34,0,34,0
20181102,byc,200,67.83,pdr5delta,pTPI1_DsRed_P2A_UbL_YFP_eRR,cen4,21,4,5,34,114,34,FALSE,FALSE,114,FALSE,r,FALSE,FALSE,FALSE,"Cell is born in channel, goes dark after a short time",C:\Users\John Cooper\Projects\alignment\roi_management\roi_management_2,0037-0355-0175,Rectangle,159,338,32,35,4,none,none,0,37,0,37,0
20181102,byc,200,67.83,pdr5delta,pTPI1_DsRed_P2A_UbL_YFP_eRR,cen4,21,4,5,34,114,34,FALSE,FALSE,114,FALSE,r,FALSE,FALSE,FALSE,"Cell is born in channel, goes dark after a short time",C:\Users\John Cooper\Projects\alignment\roi_management\roi_management_2,0041-0355-0176,Rectangle,159,338,34,35,4,none,none,0,41,0,41,0
20181102,byc,200,67.83,pdr5delta,pTPI1_DsRed_P2A_UbL_YFP_eRR,cen4,21,4,5,34,114,34,FALSE,FALSE,114,FALSE,r,FALSE,FALSE,FALSE,"Cell is born in channel, goes dark after a short time",C:\Users\John Cooper\Projects\alignment\roi_management\roi_management_2,0067-0355-0176,Rectangle,159,338,34,35,4,none,none,0,67,0,67,0
20181102,byc,200,67.83,pdr5delta,pTPI1_DsRed_P2A_UbL_YFP_eRR,cen4,21,4,5,34,114,34,FALSE,FALSE,114,FALSE,r,FALSE,FALSE,FALSE,"Cell is born in channel, goes dark after a short time",C:\Users\John Cooper\Projects\alignment\roi_management\roi_management_2,0068-0356-0192,Rectangle,175,339,34,35,4,none,none,0,68,0,68,0
20181102,byc,200,67.83,pdr5delta,pTPI1_DsRed_P2A_UbL_YFP_eRR,cen4,21,4,5,34,114,34,FALSE,FALSE,114,FALSE,r,FALSE,FALSE,FALSE,"Cell is born in channel, goes dark after a short time",C:\Users\John Cooper\Projects\alignment\roi_management\roi_management_2,0088-0354-0194,Rectangle,177,337,34,35,4,none,none,0,88,0,88,0
20181102,byc,200,67.83,pdr5delta,pTPI1_DsRed_P2A_UbL_YFP_eRR,cen4,21,4,5,34,114,34,FALSE,FALSE,114,FALSE,r,FALSE,FALSE,FALSE,"Cell is born in channel, goes dark after a short time",C:\Users\John Cooper\Projects\alignment\roi_management\roi_management_2,0089-0354-0197,Rectangle,180,337,34,35,4,none,none,0,89,0,89,0
20181102,byc,200,67.83,pdr5delta,pTPI1_DsRed_P2A_UbL_YFP_eRR,cen4,21,4,5,34,114,34,FALSE,FALSE,114,FALSE,r,FALSE,FALSE,FALSE,"Cell is born in channel, goes dark after a short time",C:\Users\John Cooper\Projects\alignment\roi_management\roi_management_2,0092-0354-0194,Rectangle,177,337,34,35,4,none,none,0,92,0,92,0
20181102,byc,200,67.83,pdr5delta,pTPI1_DsRed_P2A_UbL_YFP_eRR,cen4,21,4,5,34,114,34,FALSE,FALSE,114,FALSE,r,FALSE,FALSE,FALSE,"Cell is born in channel, goes dark after a short time",C:\Users\John Cooper\Projects\alignment\roi_management\roi_management_2,0101-0354-0194,Rectangle,177,337,35,35,4,none,none,0,101,0,101,0
20181102,byc,200,67.83,pdr5delta,pTPI1_DsRed_P2A_UbL_YFP_eRR,cen4,21,4,5,34,114,34,FALSE,FALSE,114,FALSE,r,FALSE,FALSE,FALSE,"Cell is born in channel, goes dark after a short time",C:\Users\John Cooper\Projects\alignment\roi_management\roi_management_2,0104-0355-0198,Rectangle,181,338,35,35,4,none,none,0,104,0,104,0
20181102,byc,200,67.83,pdr5delta,pTPI1_DsRed_P2A_UbL_YFP_eRR,cen4,21,4,5,34,114,34,FALSE,FALSE,114,FALSE,r,FALSE,FALSE,FALSE,"Cell is born in channel, goes dark after a short time",C:\Users\John Cooper\Projects\alignment\roi_management\roi_management_2,0108-0354-0196,Rectangle,179,337,35,35,4,none,none,0,108,0,108,0
20181102,byc,200,67.83,pdr5delta,pTPI1_DsRed_P2A_UbL_YFP_eRR,cen4,21,4,5,34,114,34,FALSE,FALSE,114,FALSE,r,FALSE,FALSE,FALSE,"Cell is born in channel, goes dark after a short time",C:\Users\John Cooper\Projects\alignment\roi_management\roi_management_2,0114-0354-0196,Rectangle,179,337,35,35,4,none,none,0,114,0,114,0
20181102,byc,200,67.83,pdr5delta,pTPI1_DsRed_P2A_UbL_YFP_eRR,cen4,21,5,6,26,47,26,88,106,106,FALSE,FALSE,FALSE,FALSE,FALSE,Very short lived cell that we see all the way from birth to death. Born in crevice,C:\Users\John Cooper\Projects\alignment\roi_management\roi_management_2,0026-0447-0178,Rectangle,166,432,24,30,4,none,none,0,26,0,26,0
20181102,byc,200,67.83,pdr5delta,pTPI1_DsRed_P2A_UbL_YFP_eRR,cen4,21,5,6,26,47,26,88,106,106,FALSE,FALSE,FALSE,FALSE,FALSE,Very short lived cell that we see all the way from birth to death. Born in crevice,C:\Users\John Cooper\Projects\alignment\roi_management\roi_management_2,0028-0447-0176,Rectangle,162,432,28,30,4,none,none,0,28,0,28,0
20181102,byc,200,67.83,pdr5delta,pTPI1_DsRed_P2A_UbL_YFP_eRR,cen4,21,5,6,26,47,26,88,106,106,FALSE,FALSE,FALSE,FALSE,FALSE,Very short lived cell that we see all the way from birth to death. Born in crevice,C:\Users\John Cooper\Projects\alignment\roi_management\roi_management_2,0034-0447-0175,Rectangle,160,432,31,30,4,none,none,0,34,0,34,0
20181102,byc,200,67.83,pdr5delta,pTPI1_DsRed_P2A_UbL_YFP_eRR,cen4,21,5,6,26,47,26,88,106,106,FALSE,FALSE,FALSE,FALSE,FALSE,Very short lived cell that we see all the way from birth to death. Born in crevice,C:\Users\John Cooper\Projects\alignment\roi_management\roi_management_2,0048-0447-0175,Rectangle,160,432,31,30,4,none,none,0,48,0,48,0
20181102,byc,200,67.83,pdr5delta,pTPI1_DsRed_P2A_UbL_YFP_eRR,cen4,21,5,6,26,47,26,88,106,106,FALSE,FALSE,FALSE,FALSE,FALSE,Very short lived cell that we see all the way from birth to death. Born in crevice,C:\Users\John Cooper\Projects\alignment\roi_management\roi_management_2,0052-0447-0178,Rectangle,163,432,31,30,4,none,none,0,52,0,52,0
20181102,byc,200,67.83,pdr5delta,pTPI1_DsRed_P2A_UbL_YFP_eRR,cen4,21,5,6,26,47,26,88,106,106,FALSE,FALSE,FALSE,FALSE,FALSE,Very short lived cell that we see all the way from birth to death. Born in crevice,C:\Users\John Cooper\Projects\alignment\roi_management\roi_management_2,0053-0447-0195,Rectangle,180,432,31,30,4,none,none,0,53,0,53,0
20181102,byc,200,67.83,pdr5delta,pTPI1_DsRed_P2A_UbL_YFP_eRR,cen4,21,5,6,26,47,26,88,106,106,FALSE,FALSE,FALSE,FALSE,FALSE,Very short lived cell that we see all the way from birth to death. Born in crevice,C:\Users\John Cooper\Projects\alignment\roi_management\roi_management_2,0064-0446-0197,Rectangle,180,429,34,35,4,none,none,0,64,0,64,0
20181102,byc,200,67.83,pdr5delta,pTPI1_DsRed_P2A_UbL_YFP_eRR,cen4,21,5,6,26,47,26,88,106,106,FALSE,FALSE,FALSE,FALSE,FALSE,Very short lived cell that we see all the way from birth to death. Born in crevice,C:\Users\John Cooper\Projects\alignment\roi_management\roi_management_2,0071-0446-0199,Rectangle,182,429,34,35,4,none,none,0,71,0,71,0
20181102,byc,200,67.83,pdr5delta,pTPI1_DsRed_P2A_UbL_YFP_eRR,cen4,21,5,6,26,47,26,88,106,106,FALSE,FALSE,FALSE,FALSE,FALSE,Very short lived cell that we see all the way from birth to death. Born in crevice,C:\Users\John Cooper\Projects\alignment\roi_management\roi_management_2,0078-0446-0197,Rectangle,179,429,37,35,4,none,none,0,78,0,78,0
20181102,byc,200,67.83,pdr5delta,pTPI1_DsRed_P2A_UbL_YFP_eRR,cen4,21,5,6,26,47,26,88,106,106,FALSE,FALSE,FALSE,FALSE,FALSE,Very short lived cell that we see all the way from birth to death. Born in crevice,C:\Users\John Cooper\Projects\alignment\roi_management\roi_management_2,0097-0447-0199,Rectangle,181,430,37,35,4,none,none,0,97,0,97,0
20181102,byc,200,67.83,pdr5delta,pTPI1_DsRed_P2A_UbL_YFP_eRR,cen4,21,5,6,26,47,26,88,106,106,FALSE,FALSE,FALSE,FALSE,FALSE,Very short lived cell that we see all the way from birth to death. Born in crevice,C:\Users\John Cooper\Projects\alignment\roi_management\roi_management_2,0108-0447-0196,Rectangle,181,430,31,35,4,none,none,0,108,0,108,0
20181102,byc,200,67.83,pdr5delta,pTPI1_DsRed_P2A_UbL_YFP_eRR,cen4,21,5,6,26,47,26,88,106,106,FALSE,FALSE,FALSE,FALSE,FALSE,Very short lived cell that we see all the way from birth to death. Born in crevice,C:\Users\John Cooper\Projects\alignment\roi_management\roi_management_2,0166-0447-0194,Rectangle,176,430,37,35,4,none,none,0,166,0,166,0
20181102,byc,200,67.83,pdr5delta,pTPI1_DsRed_P2A_UbL_YFP_eRR,cen4,21,5,6,26,47,26,88,106,106,FALSE,FALSE,FALSE,FALSE,FALSE,Very short lived cell that we see all the way from birth to death. Born in crevice,C:\Users\John Cooper\Projects\alignment\roi_management\roi_management_2,0407-0447-0194,Rectangle,176,430,37,35,4,none,none,0,407,0,407,0
20181102,byc,200,67.83,pdr5delta,pTPI1_DsRed_P2A_UbL_YFP_eRR,cen4,21,6,7,13,142,13,139,FALSE,FALSE,142,FALSE,FALSE,FALSE,FALSE,Good long trace from birth to senescence then the cell gets pushed out,C:\Users\John Cooper\Projects\alignment\roi_management\roi_management_2,0013-0538-0172,Rectangle,154,520,37,37,4,none,none,0,13,0,13,0
20181102,byc,200,67.83,pdr5delta,pTPI1_DsRed_P2A_UbL_YFP_eRR,cen4,21,6,7,13,142,13,139,FALSE,FALSE,142,FALSE,FALSE,FALSE,FALSE,Good long trace from birth to senescence then the cell gets pushed out,C:\Users\John Cooper\Projects\alignment\roi_management\roi_management_2,0018-0538-0170,Rectangle,150,520,41,37,4,none,none,0,18,0,18,0
20181102,byc,200,67.83,pdr5delta,pTPI1_DsRed_P2A_UbL_YFP_eRR,cen4,21,6,7,13,142,13,139,FALSE,FALSE,142,FALSE,FALSE,FALSE,FALSE,Good long trace from birth to senescence then the cell gets pushed out,C:\Users\John Cooper\Projects\alignment\roi_management\roi_management_2,0025-0537-0170,Rectangle,146,517,49,40,4,none,none,0,25,0,25,0
20181102,byc,200,67.83,pdr5delta,pTPI1_DsRed_P2A_UbL_YFP_eRR,cen4,21,6,7,13,142,13,139,FALSE,FALSE,142,FALSE,FALSE,FALSE,FALSE,Good long trace from birth to senescence then the cell gets pushed out,C:\Users\John Cooper\Projects\alignment\roi_management\roi_management_2,0032-0540-0200,Rectangle,178,520,45,40,4,none,none,0,32,0,32,0
20181102,byc,200,67.83,pdr5delta,pTPI1_DsRed_P2A_UbL_YFP_eRR,cen4,21,6,7,13,142,13,139,FALSE,FALSE,142,FALSE,FALSE,FALSE,FALSE,Good long trace from birth to senescence then the cell gets pushed out,C:\Users\John Cooper\Projects\alignment\roi_management\roi_management_2,0043-0540-0199,Rectangle,178,520,43,40,4,none,none,0,43,0,43,0
20181102,byc,200,67.83,pdr5delta,pTPI1_DsRed_P2A_UbL_YFP_eRR,cen4,21,6,7,13,142,13,139,FALSE,FALSE,142,FALSE,FALSE,FALSE,FALSE,Good long trace from birth to senescence then the cell gets pushed out,C:\Users\John Cooper\Projects\alignment\roi_management\roi_management_2,0064-0540-0201,Rectangle,178,520,47,40,4,none,none,0,64,0,64,0
20181102,byc,200,67.83,pdr5delta,pTPI1_DsRed_P2A_UbL_YFP_eRR,cen4,21,6,7,13,142,13,139,FALSE,FALSE,142,FALSE,FALSE,FALSE,FALSE,Good long trace from birth to senescence then the cell gets pushed out,C:\Users\John Cooper\Projects\alignment\roi_management\roi_management_2,0111-0540-0203,Rectangle,178,520,51,40,4,none,none,0,111,0,111,0
20181102,byc,200,67.83,pdr5delta,pTPI1_DsRed_P2A_UbL_YFP_eRR,cen4,21,6,7,13,142,13,139,FALSE,FALSE,142,FALSE,FALSE,FALSE,FALSE,Good long trace from birth to senescence then the cell gets pushed out,C:\Users\John Cooper\Projects\alignment\roi_management\roi_management_2,0120-0540-0214,Rectangle,191,520,47,40,4,none,none,0,120,0,120,0
20181102,byc,200,67.83,pdr5delta,pTPI1_DsRed_P2A_UbL_YFP_eRR,cen4,21,6,7,13,142,13,139,FALSE,FALSE,142,FALSE,FALSE,FALSE,FALSE,Good long trace from birth to senescence then the cell gets pushed out,C:\Users\John Cooper\Projects\alignment\roi_management\roi_management_2,0125-0540-0219,Rectangle,196,520,47,40,4,none,none,0,125,0,125,0
20181102,byc,200,67.83,pdr5delta,pTPI1_DsRed_P2A_UbL_YFP_eRR,cen4,21,6,7,13,142,13,139,FALSE,FALSE,142,FALSE,FALSE,FALSE,FALSE,Good long trace from birth to senescence then the cell gets pushed out,C:\Users\John Cooper\Projects\alignment\roi_management\roi_management_2,0128-0539-0230,Rectangle,207,519,47,40,4,none,none,0,128,0,128,0
20181102,byc,200,67.83,pdr5delta,pTPI1_DsRed_P2A_UbL_YFP_eRR,cen4,21,6,7,13,142,13,139,FALSE,FALSE,142,FALSE,FALSE,FALSE,FALSE,Good long trace from birth to senescence then the cell gets pushed out,C:\Users\John Cooper\Projects\alignment\roi_management\roi_management_2,0132-0540-0243,Rectangle,220,520,47,40,4,none,none,0,132,0,132,0
20181102,byc,200,67.83,pdr5delta,pTPI1_DsRed_P2A_UbL_YFP_eRR,cen4,21,6,7,13,142,13,139,FALSE,FALSE,142,FALSE,FALSE,FALSE,FALSE,Good long trace from birth to senescence then the cell gets pushed out,C:\Users\John Cooper\Projects\alignment\roi_management\roi_management_2,0133-0540-0247,Rectangle,224,520,47,40,4,none,none,0,133,0,133,0
20181102,byc,200,67.83,pdr5delta,pTPI1_DsRed_P2A_UbL_YFP_eRR,cen4,21,6,7,13,142,13,139,FALSE,FALSE,142,FALSE,FALSE,FALSE,FALSE,Good long trace from birth to senescence then the cell gets pushed out,C:\Users\John Cooper\Projects\alignment\roi_management\roi_management_2,0134-0538-0261,Rectangle,238,518,47,40,4,none,none,0,134,0,134,0
20181102,byc,200,67.83,pdr5delta,pTPI1_DsRed_P2A_UbL_YFP_eRR,cen4,21,6,7,13,142,13,139,FALSE,FALSE,142,FALSE,FALSE,FALSE,FALSE,Good long trace from birth to senescence then the cell gets pushed out,C:\Users\John Cooper\Projects\alignment\roi_management\roi_management_2,0135-0538-0268,Rectangle,245,518,47,40,4,none,none,0,135,0,135,0
20181102,byc,200,67.83,pdr5delta,pTPI1_DsRed_P2A_UbL_YFP_eRR,cen4,21,6,7,13,142,13,139,FALSE,FALSE,142,FALSE,FALSE,FALSE,FALSE,Good long trace from birth to senescence then the cell gets pushed out,C:\Users\John Cooper\Projects\alignment\roi_management\roi_management_2,0136-0538-0270,Rectangle,247,518,47,40,4,none,none,0,136,0,136,0
20181102,byc,200,67.83,pdr5delta,pTPI1_DsRed_P2A_UbL_YFP_eRR,cen4,21,6,7,13,142,13,139,FALSE,FALSE,142,FALSE,FALSE,FALSE,FALSE,Good long trace from birth to senescence then the cell gets pushed out,C:\Users\John Cooper\Projects\alignment\roi_management\roi_management_2,0137-0538-0273,Rectangle,250,518,47,40,4,none,none,0,137,0,137,0
20181102,byc,200,67.83,pdr5delta,pTPI1_DsRed_P2A_UbL_YFP_eRR,cen4,21,6,7,13,142,13,139,FALSE,FALSE,142,FALSE,FALSE,FALSE,FALSE,Good long trace from birth to senescence then the cell gets pushed out,C:\Users\John Cooper\Projects\alignment\roi_management\roi_management_2,0138-0538-0274,Rectangle,251,518,47,40,4,none,none,0,138,0,138,0
20181102,byc,200,67.83,pdr5delta,pTPI1_DsRed_P2A_UbL_YFP_eRR,cen4,21,6,7,13,142,13,139,FALSE,FALSE,142,FALSE,FALSE,FALSE,FALSE,Good long trace from birth to senescence then the cell gets pushed out,C:\Users\John Cooper\Projects\alignment\roi_management\roi_management_2,0140-0538-0279,Rectangle,256,518,47,40,4,none,none,0,140,0,140,0
20181102,byc,200,67.83,pdr5delta,pTPI1_DsRed_P2A_UbL_YFP_eRR,cen4,21,6,7,13,142,13,139,FALSE,FALSE,142,FALSE,FALSE,FALSE,FALSE,Good long trace from birth to senescence then the cell gets pushed out,C:\Users\John Cooper\Projects\alignment\roi_management\roi_management_2,0141-0535-0305,Rectangle,282,515,47,40,4,none,none,0,141,0,141,0
20181102,byc,200,67.83,pdr5delta,pTPI1_DsRed_P2A_UbL_YFP_eRR,cen4,21,6,7,13,142,13,139,FALSE,FALSE,142,FALSE,FALSE,FALSE,FALSE,Good long trace from birth to senescence then the cell gets pushed out,C:\Users\John Cooper\Projects\alignment\roi_management\roi_management_2,0142-0537-0311,Rectangle,288,517,47,40,4,none,none,0,142,0,142,0
20181102,byc,200,67.83,pdr5delta,pTPI1_DsRed_P2A_UbL_YFP_eRR,cen4,21,8,8,18,407,19,215,315,203,FALSE,FALSE,FALSE,FALSE,FALSE,Nice and long but loses fluorescence. Born in crevice,C:\Users\John Cooper\Projects\alignment\roi_management\roi_management_2,0018-0722-0175,Rectangle,161,705,28,34,4,none,none,0,18,0,18,0
20181102,byc,200,67.83,pdr5delta,pTPI1_DsRed_P2A_UbL_YFP_eRR,cen4,21,8,8,18,407,19,215,315,203,FALSE,FALSE,FALSE,FALSE,FALSE,Nice and long but loses fluorescence. Born in crevice,C:\Users\John Cooper\Projects\alignment\roi_management\roi_management_2,0025-0722-0176,Rectangle,161,705,30,34,4,none,none,0,25,0,25,0
20181102,byc,200,67.83,pdr5delta,pTPI1_DsRed_P2A_UbL_YFP_eRR,cen4,21,8,8,18,407,19,215,315,203,FALSE,FALSE,FALSE,FALSE,FALSE,Nice and long but loses fluorescence. Born in crevice,C:\Users\John Cooper\Projects\alignment\roi_management\roi_management_2,0038-0722-0177,Rectangle,161,705,33,34,4,none,none,0,38,0,38,0
20181102,byc,200,67.83,pdr5delta,pTPI1_DsRed_P2A_UbL_YFP_eRR,cen4,21,8,8,18,407,19,215,315,203,FALSE,FALSE,FALSE,FALSE,FALSE,Nice and long but loses fluorescence. Born in crevice,C:\Users\John Cooper\Projects\alignment\roi_management\roi_management_2,0041-0722-0179,Rectangle,163,705,33,34,4,none,none,0,41,0,41,0
20181102,byc,200,67.83,pdr5delta,pTPI1_DsRed_P2A_UbL_YFP_eRR,cen4,21,8,8,18,407,19,215,315,203,FALSE,FALSE,FALSE,FALSE,FALSE,Nice and long but loses fluorescence. Born in crevice,C:\Users\John Cooper\Projects\alignment\roi_management\roi_management_2,0042-0723-0192,Rectangle,176,706,33,34,4,none,none,0,42,0,42,0
20181102,byc,200,67.83,pdr5delta,pTPI1_DsRed_P2A_UbL_YFP_eRR,cen4,21,8,8,18,407,19,215,315,203,FALSE,FALSE,FALSE,FALSE,FALSE,Nice and long but loses fluorescence. Born in crevice,C:\Users\John Cooper\Projects\alignment\roi_management\roi_management_2,0056-0723-0194,Rectangle,178,706,33,34,4,none,none,0,56,0,56,0
20181102,byc,200,67.83,pdr5delta,pTPI1_DsRed_P2A_UbL_YFP_eRR,cen4,21,8,8,18,407,19,215,315,203,FALSE,FALSE,FALSE,FALSE,FALSE,Nice and long but loses fluorescence. Born in crevice,C:\Users\John Cooper\Projects\alignment\roi_management\roi_management_2,0076-0723-0196,Rectangle,178,706,36,34,4,none,none,0,76,0,76,0
20181102,byc,200,67.83,pdr5delta,pTPI1_DsRed_P2A_UbL_YFP_eRR,cen4,21,8,8,18,407,19,215,315,203,FALSE,FALSE,FALSE,FALSE,FALSE,Nice and long but loses fluorescence. Born in crevice,C:\Users\John Cooper\Projects\alignment\roi_management\roi_management_2,0097-0723-0196,Rectangle,178,705,36,37,4,none,none,0,97,0,97,0
20181102,byc,200,67.83,pdr5delta,pTPI1_DsRed_P2A_UbL_YFP_eRR,cen4,21,8,8,18,407,19,215,315,203,FALSE,FALSE,FALSE,FALSE,FALSE,Nice and long but loses fluorescence. Born in crevice,C:\Users\John Cooper\Projects\alignment\roi_management\roi_management_2,0108-0723-0197,Rectangle,179,705,36,37,4,none,none,0,108,0,108,0
20181102,byc,200,67.83,pdr5delta,pTPI1_DsRed_P2A_UbL_YFP_eRR,cen4,21,8,8,18,407,19,215,315,203,FALSE,FALSE,FALSE,FALSE,FALSE,Nice and long but loses fluorescence. Born in crevice,C:\Users\John Cooper\Projects\alignment\roi_management\roi_management_2,0130-0723-0197,Rectangle,179,705,37,37,4,none,none,0,130,0,130,0
20181102,byc,200,67.83,pdr5delta,pTPI1_DsRed_P2A_UbL_YFP_eRR,cen4,21,8,8,18,407,19,215,315,203,FALSE,FALSE,FALSE,FALSE,FALSE,Nice and long but loses fluorescence. Born in crevice,C:\Users\John Cooper\Projects\alignment\roi_management\roi_management_2,0157-0723-0199,Rectangle,179,705,41,37,4,none,none,0,157,0,157,0
20181102,byc,200,67.83,pdr5delta,pTPI1_DsRed_P2A_UbL_YFP_eRR,cen4,21,8,8,18,407,19,215,315,203,FALSE,FALSE,FALSE,FALSE,FALSE,Nice and long but loses fluorescence. Born in crevice,C:\Users\John Cooper\Projects\alignment\roi_management\roi_management_2,0167-0723-0200,Rectangle,179,705,42,37,4,none,none,0,167,0,167,0
20181102,byc,200,67.83,pdr5delta,pTPI1_DsRed_P2A_UbL_YFP_eRR,cen4,21,8,8,18,407,19,215,315,203,FALSE,FALSE,FALSE,FALSE,FALSE,Nice and long but loses fluorescence. Born in crevice,C:\Users\John Cooper\Projects\alignment\roi_management\roi_management_2,0175-0723-0201,Rectangle,180,705,42,37,4,none,none,0,175,0,175,0
20181102,byc,200,67.83,pdr5delta,pTPI1_DsRed_P2A_UbL_YFP_eRR,cen4,21,8,8,18,407,19,215,315,203,FALSE,FALSE,FALSE,FALSE,FALSE,Nice and long but loses fluorescence. Born in crevice,C:\Users\John Cooper\Projects\alignment\roi_management\roi_management_2,0182-0723-0203,Rectangle,180,705,46,37,4,none,none,0,182,0,182,0
20181102,byc,200,67.83,pdr5delta,pTPI1_DsRed_P2A_UbL_YFP_eRR,cen4,21,8,8,18,407,19,215,315,203,FALSE,FALSE,FALSE,FALSE,FALSE,Nice and long but loses fluorescence. Born in crevice,C:\Users\John Cooper\Projects\alignment\roi_management\roi_management_2,0292-0723-0204,Rectangle,181,705,46,37,4,none,none,0,292,0,292,0
20181102,byc,200,67.83,pdr5delta,pTPI1_DsRed_P2A_UbL_YFP_eRR,cen4,21,8,8,18,407,19,215,315,203,FALSE,FALSE,FALSE,FALSE,FALSE,Nice and long but loses fluorescence. Born in crevice,C:\Users\John Cooper\Projects\alignment\roi_management\roi_management_2,0299-0723-0207,Rectangle,184,705,46,37,4,none,none,0,299,0,299,0
20181102,byc,200,67.83,pdr5delta,pTPI1_DsRed_P2A_UbL_YFP_eRR,cen4,21,8,8,18,407,19,215,315,203,FALSE,FALSE,FALSE,FALSE,FALSE,Nice and long but loses fluorescence. Born in crevice,C:\Users\John Cooper\Projects\alignment\roi_management\roi_management_2,0301-0724-0210,Rectangle,187,706,46,37,4,none,none,0,301,0,301,0
20181102,byc,200,67.83,pdr5delta,pTPI1_DsRed_P2A_UbL_YFP_eRR,cen4,21,8,8,18,407,19,215,315,203,FALSE,FALSE,FALSE,FALSE,FALSE,Nice and long but loses fluorescence. Born in crevice,C:\Users\John Cooper\Projects\alignment\roi_management\roi_management_2,0305-0722-0214,Rectangle,191,704,46,37,4,none,none,0,305,0,305,0
20181102,byc,200,67.83,pdr5delta,pTPI1_DsRed_P2A_UbL_YFP_eRR,cen4,21,8,8,18,407,19,215,315,203,FALSE,FALSE,FALSE,FALSE,FALSE,Nice and long but loses fluorescence. Born in crevice,C:\Users\John Cooper\Projects\alignment\roi_management\roi_management_2,0308-0722-0217,Rectangle,194,704,46,37,4,none,none,0,308,0,308,0
20181102,byc,200,67.83,pdr5delta,pTPI1_DsRed_P2A_UbL_YFP_eRR,cen4,21,8,8,18,407,19,215,315,203,FALSE,FALSE,FALSE,FALSE,FALSE,Nice and long but loses fluorescence. Born in crevice,C:\Users\John Cooper\Projects\alignment\roi_management\roi_management_2,0372-0722-0217,Rectangle,194,704,46,37,4,none,none,0,372,0,372,0
20181102,byc,200,67.83,pdr5delta,pTPI1_DsRed_P2A_UbL_YFP_eRR,cen4,21,8,8,18,407,19,215,315,203,FALSE,FALSE,FALSE,FALSE,FALSE,Nice and long but loses fluorescence. Born in crevice,C:\Users\John Cooper\Projects\alignment\roi_management\roi_management_2,0407-0722-0217,Rectangle,194,704,46,37,4,none,none,0,407,0,407,0
20181102,byc,200,67.83,pdr5delta,pTPI1_DsRed_P2A_UbL_YFP_eRR,cen4,21,11,9,46,256,46,229,FALSE,FALSE,256,FALSE,FALSE,FALSE,FALSE,nice and long all the way. Born in crevice,C:\Users\John Cooper\Projects\alignment\roi_management\roi_management_2,0046-1000-0172,Rectangle,152,980,41,41,4,none,none,0,46,0,46,0
20181102,byc,200,67.83,pdr5delta,pTPI1_DsRed_P2A_UbL_YFP_eRR,cen4,21,11,9,46,256,46,229,FALSE,FALSE,256,FALSE,FALSE,FALSE,FALSE,nice and long all the way. Born in crevice,C:\Users\John Cooper\Projects\alignment\roi_management\roi_management_2,0051-1002-0169,Rectangle,149,982,41,41,4,none,none,0,51,0,51,0
20181102,byc,200,67.83,pdr5delta,pTPI1_DsRed_P2A_UbL_YFP_eRR,cen4,21,11,9,46,256,46,229,FALSE,FALSE,256,FALSE,FALSE,FALSE,FALSE,nice and long all the way. Born in crevice,C:\Users\John Cooper\Projects\alignment\roi_management\roi_management_2,0055-1000-0169,Rectangle,149,980,41,41,4,none,none,0,55,0,55,0
20181102,byc,200,67.83,pdr5delta,pTPI1_DsRed_P2A_UbL_YFP_eRR,cen4,21,11,9,46,256,46,229,FALSE,FALSE,256,FALSE,FALSE,FALSE,FALSE,nice and long all the way. Born in crevice,C:\Users\John Cooper\Projects\alignment\roi_management\roi_management_2,0075-1000-0171,Rectangle,151,980,41,41,4,none,none,0,75,0,75,0
20181102,byc,200,67.83,pdr5delta,pTPI1_DsRed_P2A_UbL_YFP_eRR,cen4,21,11,9,46,256,46,229,FALSE,FALSE,256,FALSE,FALSE,FALSE,FALSE,nice and long all the way. Born in crevice,C:\Users\John Cooper\Projects\alignment\roi_management\roi_management_2,0086-0998-0195,Rectangle,175,978,41,41,4,none,none,0,86,0,86,0
20181102,byc,200,67.83,pdr5delta,pTPI1_DsRed_P2A_UbL_YFP_eRR,cen4,21,11,9,46,256,46,229,FALSE,FALSE,256,FALSE,FALSE,FALSE,FALSE,nice and long all the way. Born in crevice,C:\Users\John Cooper\Projects\alignment\roi_management\roi_management_2,0109-0998-0196,Rectangle,176,978,41,41,4,none,none,0,109,0,109,0
20181102,byc,200,67.83,pdr5delta,pTPI1_DsRed_P2A_UbL_YFP_eRR,cen4,21,11,9,46,256,46,229,FALSE,FALSE,256,FALSE,FALSE,FALSE,FALSE,nice and long all the way. Born in crevice,C:\Users\John Cooper\Projects\alignment\roi_management\roi_management_2,0123-0998-0198,Rectangle,178,978,41,41,4,none,none,0,123,0,123,0
20181102,byc,200,67.83,pdr5delta,pTPI1_DsRed_P2A_UbL_YFP_eRR,cen4,21,11,9,46,256,46,229,FALSE,FALSE,256,FALSE,FALSE,FALSE,FALSE,nice and long all the way. Born in crevice,C:\Users\John Cooper\Projects\alignment\roi_management\roi_management_2,0151-0998-0200,Rectangle,180,978,41,41,4,none,none,0,151,0,151,0
20181102,byc,200,67.83,pdr5delta,pTPI1_DsRed_P2A_UbL_YFP_eRR,cen4,21,11,9,46,256,46,229,FALSE,FALSE,256,FALSE,FALSE,FALSE,FALSE,nice and long all the way. Born in crevice,C:\Users\John Cooper\Projects\alignment\roi_management\roi_management_2,0177-0998-0205,Rectangle,185,978,41,41,4,none,none,0,177,0,177,0
20181102,byc,200,67.83,pdr5delta,pTPI1_DsRed_P2A_UbL_YFP_eRR,cen4,21,11,9,46,256,46,229,FALSE,FALSE,256,FALSE,FALSE,FALSE,FALSE,nice and long all the way. Born in crevice,C:\Users\John Cooper\Projects\alignment\roi_management\roi_management_2,0178-0998-0207,Rectangle,187,978,41,41,4,none,none,0,178,0,178,0
20181102,byc,200,67.83,pdr5delta,pTPI1_DsRed_P2A_UbL_YFP_eRR,cen4,21,11,9,46,256,46,229,FALSE,FALSE,256,FALSE,FALSE,FALSE,FALSE,nice and long all the way. Born in crevice,C:\Users\John Cooper\Projects\alignment\roi_management\roi_management_2,0179-0998-0212,Rectangle,192,978,41,41,4,none,none,0,179,0,179,0
20181102,byc,200,67.83,pdr5delta,pTPI1_DsRed_P2A_UbL_YFP_eRR,cen4,21,11,9,46,256,46,229,FALSE,FALSE,256,FALSE,FALSE,FALSE,FALSE,nice and long all the way. Born in crevice,C:\Users\John Cooper\Projects\alignment\roi_management\roi_management_2,0180-0998-0213,Rectangle,193,978,41,41,4,none,none,0,180,0,180,0
20181102,byc,200,67.83,pdr5delta,pTPI1_DsRed_P2A_UbL_YFP_eRR,cen4,21,11,9,46,256,46,229,FALSE,FALSE,256,FALSE,FALSE,FALSE,FALSE,nice and long all the way. Born in crevice,C:\Users\John Cooper\Projects\alignment\roi_management\roi_management_2,0181-0998-0215,Rectangle,195,978,41,41,4,none,none,0,181,0,181,0
20181102,byc,200,67.83,pdr5delta,pTPI1_DsRed_P2A_UbL_YFP_eRR,cen4,21,11,9,46,256,46,229,FALSE,FALSE,256,FALSE,FALSE,FALSE,FALSE,nice and long all the way. Born in crevice,C:\Users\John Cooper\Projects\alignment\roi_management\roi_management_2,0184-0998-0217,Rectangle,197,978,41,41,4,none,none,0,184,0,184,0
20181102,byc,200,67.83,pdr5delta,pTPI1_DsRed_P2A_UbL_YFP_eRR,cen4,21,11,9,46,256,46,229,FALSE,FALSE,256,FALSE,FALSE,FALSE,FALSE,nice and long all the way. Born in crevice,C:\Users\John Cooper\Projects\alignment\roi_management\roi_management_2,0195-0998-0219,Rectangle,199,978,41,41,4,none,none,0,195,0,195,0
20181102,byc,200,67.83,pdr5delta,pTPI1_DsRed_P2A_UbL_YFP_eRR,cen4,21,11,9,46,256,46,229,FALSE,FALSE,256,FALSE,FALSE,FALSE,FALSE,nice and long all the way. Born in crevice,C:\Users\John Cooper\Projects\alignment\roi_management\roi_management_2,0197-0998-0221,Rectangle,201,978,41,41,4,none,none,0,197,0,197,0
20181102,byc,200,67.83,pdr5delta,pTPI1_DsRed_P2A_UbL_YFP_eRR,cen4,21,11,9,46,256,46,229,FALSE,FALSE,256,FALSE,FALSE,FALSE,FALSE,nice and long all the way. Born in crevice,C:\Users\John Cooper\Projects\alignment\roi_management\roi_management_2,0198-0998-0226,Rectangle,206,978,41,41,4,none,none,0,198,0,198,0
20181102,byc,200,67.83,pdr5delta,pTPI1_DsRed_P2A_UbL_YFP_eRR,cen4,21,11,9,46,256,46,229,FALSE,FALSE,256,FALSE,FALSE,FALSE,FALSE,nice and long all the way. Born in crevice,C:\Users\John Cooper\Projects\alignment\roi_management\roi_management_2,0200-0998-0231,Rectangle,211,978,41,41,4,none,none,0,200,0,200,0
20181102,byc,200,67.83,pdr5delta,pTPI1_DsRed_P2A_UbL_YFP_eRR,cen4,21,11,9,46,256,46,229,FALSE,FALSE,256,FALSE,FALSE,FALSE,FALSE,nice and long all the way. Born in crevice,C:\Users\John Cooper\Projects\alignment\roi_management\roi_management_2,0201-0998-0233,Rectangle,213,978,41,41,4,none,none,0,201,0,201,0
20181102,byc,200,67.83,pdr5delta,pTPI1_DsRed_P2A_UbL_YFP_eRR,cen4,21,11,9,46,256,46,229,FALSE,FALSE,256,FALSE,FALSE,FALSE,FALSE,nice and long all the way. Born in crevice,C:\Users\John Cooper\Projects\alignment\roi_management\roi_management_2,0204-0998-0238,Rectangle,218,978,41,41,4,none,none,0,204,0,204,0
20181102,byc,200,67.83,pdr5delta,pTPI1_DsRed_P2A_UbL_YFP_eRR,cen4,21,11,9,46,256,46,229,FALSE,FALSE,256,FALSE,FALSE,FALSE,FALSE,nice and long all the way. Born in crevice,C:\Users\John Cooper\Projects\alignment\roi_management\roi_management_2,0215-0998-0241,Rectangle,221,978,41,41,4,none,none,0,215,0,215,0
20181102,byc,200,67.83,pdr5delta,pTPI1_DsRed_P2A_UbL_YFP_eRR,cen4,21,11,9,46,256,46,229,FALSE,FALSE,256,FALSE,FALSE,FALSE,FALSE,nice and long all the way. Born in crevice,C:\Users\John Cooper\Projects\alignment\roi_management\roi_management_2,0220-0998-0244,Rectangle,224,978,41,41,4,none,none,0,220,0,220,0
20181102,byc,200,67.83,pdr5delta,pTPI1_DsRed_P2A_UbL_YFP_eRR,cen4,21,11,9,46,256,46,229,FALSE,FALSE,256,FALSE,FALSE,FALSE,FALSE,nice and long all the way. Born in crevice,C:\Users\John Cooper\Projects\alignment\roi_management\roi_management_2,0221-0998-0248,Rectangle,228,978,41,41,4,none,none,0,221,0,221,0
20181102,byc,200,67.83,pdr5delta,pTPI1_DsRed_P2A_UbL_YFP_eRR,cen4,21,11,9,46,256,46,229,FALSE,FALSE,256,FALSE,FALSE,FALSE,FALSE,nice and long all the way. Born in crevice,C:\Users\John Cooper\Projects\alignment\roi_management\roi_management_2,0222-0998-0251,Rectangle,231,978,41,41,4,none,none,0,222,0,222,0
20181102,byc,200,67.83,pdr5delta,pTPI1_DsRed_P2A_UbL_YFP_eRR,cen4,21,11,9,46,256,46,229,FALSE,FALSE,256,FALSE,FALSE,FALSE,FALSE,nice and long all the way. Born in crevice,C:\Users\John Cooper\Projects\alignment\roi_management\roi_management_2,0224-0999-0254,Rectangle,234,979,41,41,4,none,none,0,224,0,224,0
20181102,byc,200,67.83,pdr5delta,pTPI1_DsRed_P2A_UbL_YFP_eRR,cen4,21,11,9,46,256,46,229,FALSE,FALSE,256,FALSE,FALSE,FALSE,FALSE,nice and long all the way. Born in crevice,C:\Users\John Cooper\Projects\alignment\roi_management\roi_management_2,0225-0999-0257,Rectangle,237,979,41,41,4,none,none,0,225,0,225,0
20181102,byc,200,67.83,pdr5delta,pTPI1_DsRed_P2A_UbL_YFP_eRR,cen4,21,11,9,46,256,46,229,FALSE,FALSE,256,FALSE,FALSE,FALSE,FALSE,nice and long all the way. Born in crevice,C:\Users\John Cooper\Projects\alignment\roi_management\roi_management_2,0226-0999-0261,Rectangle,237,979,48,41,4,none,none,0,226,0,226,0
20181102,byc,200,67.83,pdr5delta,pTPI1_DsRed_P2A_UbL_YFP_eRR,cen4,21,11,9,46,256,46,229,FALSE,FALSE,256,FALSE,FALSE,FALSE,FALSE,nice and long all the way. Born in crevice,C:\Users\John Cooper\Projects\alignment\roi_management\roi_management_2,0230-0999-0264,Rectangle,240,979,48,41,4,none,none,0,230,0,230,0
20181102,byc,200,67.83,pdr5delta,pTPI1_DsRed_P2A_UbL_YFP_eRR,cen4,21,11,9,46,256,46,229,FALSE,FALSE,256,FALSE,FALSE,FALSE,FALSE,nice and long all the way. Born in crevice,C:\Users\John Cooper\Projects\alignment\roi_management\roi_management_2,0240-0999-0270,Rectangle,246,979,48,41,4,none,none,0,240,0,240,0
20181102,byc,200,67.83,pdr5delta,pTPI1_DsRed_P2A_UbL_YFP_eRR,cen4,21,11,9,46,256,46,229,FALSE,FALSE,256,FALSE,FALSE,FALSE,FALSE,nice and long all the way. Born in crevice,C:\Users\John Cooper\Projects\alignment\roi_management\roi_management_2,0251-0999-0280,Rectangle,256,979,48,41,4,none,none,0,251,0,251,0
20181102,byc,200,67.83,pdr5delta,pTPI1_DsRed_P2A_UbL_YFP_eRR,cen4,21,11,9,46,256,46,229,FALSE,FALSE,256,FALSE,FALSE,FALSE,FALSE,nice and long all the way. Born in crevice,C:\Users\John Cooper\Projects\alignment\roi_management\roi_management_2,0253-1001-0298,Rectangle,274,981,48,41,4,none,none,0,253,0,253,0
20181102,byc,200,67.83,pdr5delta,pTPI1_DsRed_P2A_UbL_YFP_eRR,cen4,21,11,9,46,256,46,229,FALSE,FALSE,256,FALSE,FALSE,FALSE,FALSE,nice and long all the way. Born in crevice,C:\Users\John Cooper\Projects\alignment\roi_management\roi_management_2,0256-1001-0298,Rectangle,274,981,48,41,4,none,none,0,256,0,256,0
